{
  "Standard (Q100)": {
    "20": {
      "mAP50": 0.23417963803370362,
      "mAP50-95": 0.12769807875621578,
      "mAP75": 0.12376209575982522,
      "precision": 0.37320772301482874,
      "recall": 0.24343598201713573
    },
    "40": {
      "mAP50": 0.3846367701630922,
      "mAP50-95": 0.2269872444712496,
      "mAP75": 0.23060610995216102,
      "precision": 0.49286776865413334,
      "recall": 0.3998977904605372
    },
    "60": {
      "mAP50": 0.4046349708103457,
      "mAP50-95": 0.24048495775246967,
      "mAP75": 0.24804635608462733,
      "precision": 0.48509431469059205,
      "recall": 0.4384721921946402
    },
    "80": {
      "mAP50": 0.4048941809746681,
      "mAP50-95": 0.24094567778393836,
      "mAP75": 0.24690999072892278,
      "precision": 0.5066875198623462,
      "recall": 0.4256835027628189
    },
    "100": {
      "mAP50": 0.4019947101984068,
      "mAP50-95": 0.239540542684363,
      "mAP75": 0.24702910183997737,
      "precision": 0.4911630036859206,
      "recall": 0.43206993204583377
    }
  },
  "Multi-Quality": {
    "20": {
      "mAP50": 0.33509463350283925,
      "mAP50-95": 0.19080658386381408,
      "mAP75": 0.19223564080756084,
      "precision": 0.44431715589800513,
      "recall": 0.36009419990053515
    },
    "40": {
      "mAP50": 0.39475595598481367,
      "mAP50-95": 0.2356024940152281,
      "mAP75": 0.24210930034806225,
      "precision": 0.49273689660109443,
      "recall": 0.418801090470913
    },
    "60": {
      "mAP50": 0.40833185274626815,
      "mAP50-95": 0.24496526562603876,
      "mAP75": 0.2557354401704967,
      "precision": 0.5085630991127184,
      "recall": 0.43528709423803535
    },
    "80": {
      "mAP50": 0.4069395417706623,
      "mAP50-95": 0.24512298003930383,
      "mAP75": 0.2562600019097868,
      "precision": 0.5107222366397901,
      "recall": 0.4313692731810924
    },
    "100": {
      "mAP50": 0.40349343490188144,
      "mAP50-95": 0.24285796789938197,
      "mAP75": 0.25392997323024946,
      "precision": 0.5122688910832116,
      "recall": 0.42796148329345185
    }
  }
}