{
  "20": {
    "mAP50": 0.33509463350283925,
    "mAP50-95": 0.19080658386381408,
    "mAP75": 0.19223564080756084,
    "precision": 0.44431715589800513,
    "recall": 0.36009419990053515
  },
  "40": {
    "mAP50": 0.39475595598481367,
    "mAP50-95": 0.2356024940152281,
    "mAP75": 0.24210930034806225,
    "precision": 0.49273689660109443,
    "recall": 0.418801090470913
  },
  "60": {
    "mAP50": 0.40833185274626815,
    "mAP50-95": 0.24496526562603876,
    "mAP75": 0.2557354401704967,
    "precision": 0.5085630991127184,
    "recall": 0.43528709423803535
  },
  "80": {
    "mAP50": 0.4069395417706623,
    "mAP50-95": 0.24512298003930383,
    "mAP75": 0.2562600019097868,
    "precision": 0.5107222366397901,
    "recall": 0.4313692731810924
  },
  "100": {
    "mAP50": 0.40349343490188144,
    "mAP50-95": 0.24285796789938197,
    "mAP75": 0.25392997323024946,
    "precision": 0.5122688910832116,
    "recall": 0.42796148329345185
  }
}